Department,Employees,Attrition_Rate,Avg_Satisfaction,Avg_Evaluation,Avg_Monthly_Hours,Avg_Projects,Avg_Tenure,Promotion_Rate
IT,1227,22.25,0.62,0.72,202.22,3.82,3.47,0.24
RandD,787,15.37,0.62,0.71,200.8,3.85,3.37,3.43
accounting,767,26.6,0.58,0.72,201.16,3.83,3.52,1.83
hr,739,29.09,0.6,0.71,198.68,3.65,3.36,2.03
management,630,14.44,0.62,0.72,201.25,3.86,4.3,10.95
marketing,858,23.66,0.62,0.72,199.39,3.69,3.57,5.01
product_mng,902,21.95,0.62,0.71,199.97,3.81,3.48,0.0
sales,4140,24.49,0.61,0.71,200.91,3.78,3.53,2.42
support,2229,24.9,0.62,0.72,200.76,3.8,3.39,0.9
technical,2720,25.62,0.61,0.72,202.5,3.88,3.41,1.03
